카테고리,항목,현재상태,목표,우선순위,액션아이템,완료예정일,비고
개발 완료,백엔드-프론트엔드 연결,연결 작업 진행 중,완전한 통합,최고,API 연동 완료,2025-08-20,현재 가장 시급한 과제
개발 완료,통합 테스트,0%,100%,최고,end-to-end 테스트,2025-08-25,배포 전 필수
개발 완료,배포 준비,로컬 개발,배포 가능한 상태,최고,클라우드 배포 설정,2025-08-30,안정적 서비스 제공
,,,,,,,
커뮤니티 배포,네이버 카페 배포,준비 중,무료 배포 완료,최고,카페에 게시물 작성,2025-09-01,이전 긍정 반응 활용
커뮤니티 배포,지인 네트워크 배포,준비 중,지인들 사용 시작,높음,지인들에게 직접 안내,2025-09-03,실질적 피드백 기대
커뮤니티 배포,사용법 가이드,없음,간단한 사용 설명서,높음,사용자 매뉴얼 작성,2025-09-05,진입 장벽 낮추기
,,,,,,,
사용자 모니터링,사용자 수 추적,시스템 없음,실시간 모니터링,높음,사용자 추적 시스템 구축,2025-09-10,구글 애널리틱스 등 활용
사용자 모니터링,사용 빈도 측정,시스템 없음,사용 패턴 분석,높음,로그 분석 도구 구축,2025-09-15,누가 얼마나 사용하는지
사용자 모니터링,피드백 수집 채널,없음,체계적 피드백 수집,중간,피드백 양식 및 채널 구축,2025-09-20,개선 방향 파악용
,,,,,,,
시장 반응 분석,초기 사용자 반응,미확인,100명 이상 꾸준한 사용,목표,사용자 반응 모니터링,2025-10-31,유료화 고려 기준점
시장 반응 분석,사용자 애착도 측정,미확인,진짜 필요로 하는 사용자 확인,목표,애착도 지표 개발,2025-10-15,단순 가입 vs 실사용
시장 반응 분석,개선 요청 분석,없음,사용자 니즈 파악,중간,요청사항 카테고리 분석,2025-10-30,제품 발전 방향
,,,,,,,
유료화 준비,유료화 시점 결정,미정,100명+ 꾸준한 사용시,조건부,시장 반응 기반 결정,2025-11-30,조건 충족시에만 진행
유료화 준비,요금제 설계,미정,합리적 가격 구조,조건부,가격 정책 수립,2025-11-15,사용자 가치 기반
유료화 준비,결제 시스템,없음,간편한 결제 연동,조건부,결제 시스템 구축,2025-11-20,필요시에만 개발
,,,,,,,
마케팅 전략,마케팅 시작 조건,미정,사용자 애착 확인시,조건부,마케팅 전략 수립,조건 충족시,자연적 확산 우선
마케팅 전략,콘텐츠 마케팅,없음,제조업 맞춤 콘텐츠,조건부,업계 콘텐츠 제작,조건 충족시,도메인 전문성 활용
마케팅 전략,입소문 확산,지인 위주,업계 내 소문,조건부,추천 시스템 구축,조건 충족시,자연적 확산 지원
,,,,,,,
제품 개선,사용자 요청 반영,대기 중,지속적 개선,지속,피드백 기반 업데이트,지속적,살아있는 제품 만들기
제품 개선,성능 최적화,필요시,안정적 서비스,중간,병목 지점 개선,2025-10-15,사용자 증가에 대비
제품 개선,UI/UX 개선,필요시,사용자 친화적,중간,인터페이스 개선,2025-10-20,사용 편의성 향상
,,,,,,,
프로젝트 포트폴리오,다른 프로젝트 준비,Looty 진행 중,다양한 시도,지속,새로운 프로젝트 발굴,지속적,리스크 분산
프로젝트 포트폴리오,Looty 프로젝트,번역 품질 이슈,완성도 높이기,중간,번역 품질 개선,2025-09-30,병행 프로젝트
프로젝트 포트폴리오,신규 아이디어 발굴,없음,지속적 아이디어 개발,낮음,아이디어 노트 작성,지속적,경험 축적 목적
,,,,,,,
의사결정 기준,프로젝트 지속 여부,미정,명확한 기준 설정,중간,성공/실패 기준 정의,2025-09-20,감정이 아닌 데이터로
의사결정 기준,포기 시점,미정,합리적 철수 시점,중간,포기 기준 설정,2025-09-25,매몰비용 오류 방지
의사결정 기준,성공 기준,미정,성공 지표 명확화,중간,KPI 설정,2025-09-15,객관적 판단 근거
,,,,,,,
리스크 관리,기술적 리스크,백엔드-프론트엔드 연결,안정적 통합,최고,단계별 테스트,2025-08-30,현재 최대 리스크
리스크 관리,시장 리스크,사용자 반응 불확실,자연적 검증,수용,시장이 판단하게 함,진행 중,억지로 밀어붙이지 않음
리스크 관리,시간 투자 리스크,과도한 집중 위험,포트폴리오 접근,중간,시간 배분 계획,2025-09-10,하나에 매달리지 않기
리스크 관리,자금 리스크,개인 자금,최소 비용 운영,높음,비용 최적화,지속적,지속 가능한 개발
,,,,,,,
학습 및 성장,실패 경험 축적,진행 중,경험을 통한 성장,지속,프로젝트별 회고,각 프로젝트 종료시,실패도 자산
학습 및 성장,시장 이해도 향상,부족,실제 사용자 니즈 파악,지속,사용자와의 소통,지속적,도메인 전문성 보완
학습 및 성장,개발 역량 강화,진행 중,기술 스택 확장,지속,새로운 기술 학습,지속적,AI 도구 활용 포함
